step,type,amount,nameOrig,oldBalanceOrg,nameDest,oldBalanceDest
700,PAYMENT,50.0,C1,900.0,M1,0.0
700,TRANSFER,120.0,C2,500.0,M2,0.0
700,TRANSFER,250000.0,C3,250000.0,M3,0.0
700,CASH_OUT,50000.0,C4,50000.0,C5,0.0
700,TRANSFER,100.0,C10,1000.0,M100,0.0
700,TRANSFER,110.0,C11,1000.0,M100,0.0
700,TRANSFER,120.0,C12,1000.0,M100,0.0
700,TRANSFER,130.0,C13,1000.0,M100,0.0
700,TRANSFER,140.0,C14,1000.0,M100,0.0
700,TRANSFER,150.0,C15,1000.0,M100,0.0
700,TRANSFER,160.0,C16,1000.0,M100,0.0
700,TRANSFER,170.0,C17,1000.0,M100,0.0
700,TRANSFER,180.0,C18,1000.0,M100,0.0
700,TRANSFER,190.0,C19,1000.0,M100,0.0
700,TRANSFER,200.0,C20,1000.0,M100,0.0
